<?xml version="1.0" encoding="UTF-8" standalone="yes"?>
<addon id="service.subtitles.subscene"
       name="Subscene.best"
       version="1.9.9"
       provider-name="wuff, jarmo, CrowleyAJ">
    <requires>
        <!-- <import addon="xbmc.python" version="3.0.0"/> -->
    </requires>
    <extension point="xbmc.subtitle.module"
               library="service.py"/>
    <extension point="xbmc.addon.metadata">
        <summary lang="en">Get subtitles from Subscene.com</summary>
        <description lang="en">Subscene.com provides subtitles in more than 50 languages for TV-Series, Movies, and Music videos, phrase by phrase curated and perfected by users.[CR][CR]Note: Needs kodi-vfs-rar and/or kodi-vfs-libarchive addon to extract rar files.</description>
        <disclaimer lang="en"/>
        <platform>all</platform>
        <language/>
        <license>GNU GENERAL PUBLIC LICENSE. Version 2, June 1991</license>
        <forum>http://forum.xbmc.org/showthread.php?tid=184854</forum>
        <website/>
        <email/>
        <source>https://github.com/AnonTester/service.subtitles.subscene</source>
        <assets>
            <icon>icon.png</icon>
        </assets>
        <news>
1.9.9 (wuff)
- adjust http user-agent
- retry 5 times to download subtitles before giving up gracefully
        
1.9.8 (wuff)
- adjust Android platform check

1.9.7 (wuff)
- add Android platform check to extraction method
- add icon to addons.xml            

1.9.6 (wuff)
- add OS dependent extraction method (Windows fix)
- add more debug info

1.9.5 (wuff)
- adjust download function
- update provider-detail and readme

1.9.4 (wuff)
- Adjust windows/linux path when extracting on Kodi19
- replace deprecated HTMLParser.unescape with html.unescape for Kodi19

1.9.3 (backport changes from foreignonly version)
- Fix extracting archives on Kodi19 (wuff)
- Remove python requirement for both Kodi 18/19 compatibility (wuff)
- Replace xbmc.translatePath with xbmcvfs.translatePath for Kodi19 (wuff)
- Fix unicode issue in language preferences (wuff)
- Fix filename search by not calling str on tuple (StefanRvO)

1.9.0
- split Kodi 18/19 release, but version still 1.8.2 (jarmo)

1.8.2
- Fix python 3 tv show subtitle search (wuff)

1.8.1
- Kodi 19 / Python 3 compatibility (wuff)
- Add line break after subtitle title and before subtitle comments (wuff)
- Change comment colour to silver for improved contrast of selected entries (wuff)

1.8.0
- fix searching for subtitles (jarmo)
</news>
    </extension>
</addon>
